<?xml version="1.0" encoding="UTF-8" standalone="yes"?>
<addon id="plugin.video.ddrk" name="低端影视" version="0.6" provider-name="Roy QIU">
  <requires>
    <import addon="xbmc.python" version="2.1.0"/>
    <import addon="script.module.xbmcswift2" version="2.4.0"/>
    <import addon="script.module.requests" version="2.19.1"/>
    <import addon="script.module.beautifulsoup4" version="4.5.3"/>
    <import addon="script.module.pycryptodome" version="3.4.3"/>
  </requires>
  <extension point="xbmc.python.pluginsource" library="addon.py">
    <provides>video</provides>
  </extension>
  <extension point="xbmc.addon.metadata">
    <platform>all</platform>
    <language></language>
    <summary>低端影视</summary>
    <description>提供最便捷的，同时支持电脑和移动设备的超清画质在线观看影视剧体验。</description>
    <assets>
        <icon>icon.png</icon>
    </assets>
  </extension>
</addon>
