<?xml version="1.0" encoding="UTF-8"?>
    <addon id="karoyqiu.kodi.repo" name="Roy QIU Kodi Repo" version="1.0.0" provider-name="Roy QIU">
        <requires>
            <import addon="xbmc.addon" version="12.0.0"/>
        </requires>
        <extension point="xbmc.addon.repository" name="Roy QIU Kodi Repo">
            <info compressed="false">https://raw.fastgit.org/karoyqiu/kodi-plugins/_repo/addons.xml</info>
            <checksum>https://raw.fastgit.org/karoyqiu/kodi-plugins/_repo/addons.xml.md5</checksum>
            <datadir zip="true">https://raw.fastgit.org/karoyqiu/kodi-plugins/_repo/</datadir>
            <hashes>false</hashes>
        </extension>
        <extension point="xbmc.addon.metadata">
            <summary>My own kodi plugins repo</summary>
            <description>我自己的 kodi 18 库</description>
            <platform>all</platform>
    </extension>
</addon>