<?xml version="1.0" encoding="UTF-8" standalone="yes"?>
<addon id="plugin.video.agefans" name="agefans" version="0.1" provider-name="Roy QIU">
  <requires>
    <import addon="xbmc.python" version="2.1.0"/>
    <import addon="script.module.xbmcswift2" version="2.4.0"/>
    <import addon="script.module.requests" version="2.19.1"/>
  </requires>
  <extension point="xbmc.python.pluginsource" library="addon.py">
    <provides>video</provides>
  </extension>
  <extension point="xbmc.addon.metadata">
    <platform>all</platform>
    <language></language>
    <summary>AGE 动漫</summary>
    <description>AGE 动漫专注于资源收集整理 海量的有效的高质量的动漫资源下载 动漫百度网盘下载</description>
    <assets>
      <icon>icon.png</icon>
    </assets>
  </extension>
</addon>
